timestamp,datetime,side,price,size,usdcSize,title,outcome,asset,conditionId,transactionHash,trader
1767347563,2026-01-02 09:52:43,BUY,0.44,44.4,19.536,"Ethereum Up or Down - January 2, 4:45AM-5:00AM ET","Up",95318881557509220308090308090003400258031728362984514623102975942766797946555,0xd31bfaaced7e2dfd38917140b21484fab90523cf111ca5ba78db96bd63b7260d,0x31f2b318832d62ae5b18ad2e5fb14d0dbe38a763019c7b129cd0b288dceefe1d,PurpleThunderBicycleMountain
1767347563,2026-01-02 09:52:43,BUY,0.08000001226669512,3.260862,0.260869,"Bitcoin Up or Down - January 2, 4AM ET","Down",71951386699908534538648930406357776756628976283553305016487744617732643078668,0xd5abf522341093dc479495989c1f15c74d484e00bb7ecb2f5fc716ebd4a2aa2e,0x6dc8f8cae22bd0c5db416a7928a17b4e0bd29ced328f9f26acd9a49af9237573,PurpleThunderBicycleMountain
1767347563,2026-01-02 09:52:43,BUY,0.45,5,2.25,"Ethereum Up or Down - January 2, 4:45AM-5:00AM ET","Up",95318881557509220308090308090003400258031728362984514623102975942766797946555,0xd31bfaaced7e2dfd38917140b21484fab90523cf111ca5ba78db96bd63b7260d,0xd0f2e14427109acf459a43b3c3a49fad1f186e67dc7e4ecd2ffadba9de8d195e,PurpleThunderBicycleMountain
1767347563,2026-01-02 09:52:43,BUY,0.12,4.85,0.582,"Bitcoin Up or Down - January 2, 4:45AM-5:00AM ET","Down",18938028871928360822106966175923951973673383342267850151216298046238947591873,0xfdc94b9e188e7456dc780d2a0b665805a88a7b14c0590ae3028ca585e3d9602e,0x061f79989c73b3f180144fb8498b0a6ac2e79622b04dcd291fcbc04cd058fb54,PurpleThunderBicycleMountain
1767347561,2026-01-02 09:52:41,BUY,0.08,108.69565,8.695652,"Bitcoin Up or Down - January 2, 4AM ET","Down",71951386699908534538648930406357776756628976283553305016487744617732643078668,0xd5abf522341093dc479495989c1f15c74d484e00bb7ecb2f5fc716ebd4a2aa2e,0x42e710c979a5d1ff2b6d27542a83be972b701333f8092c52e14ece8f8d64c2b3,PurpleThunderBicycleMountain
1767347561,2026-01-02 09:52:41,BUY,0.04,1.364575,0.054583,"Ethereum Up or Down - January 2, 4AM ET","Down",61209364967560625082103990331601144499394784733094169942037200072812632625237,0x55ad64cba705cadb918f1c0bbeb6e17cf9c942ef9152fcf04f79c85ee48443f7,0xb2e19c8b837cebe00d2846730ec503a58ab7b76821c0a607d998b556a23e8224,PurpleThunderBicycleMountain
1767347561,2026-01-02 09:52:41,BUY,0.08000002809162364,1.423912,0.113913,"Bitcoin Up or Down - January 2, 4AM ET","Down",71951386699908534538648930406357776756628976283553305016487744617732643078668,0xd5abf522341093dc479495989c1f15c74d484e00bb7ecb2f5fc716ebd4a2aa2e,0x3fdef97eba7670ac491f196e32b934597db0c1b5fb022d125b102b5c20ddc2f2,PurpleThunderBicycleMountain
1767347561,2026-01-02 09:52:41,BUY,0.01,1.0101,0.010101,"XRP Up or Down - January 2, 4AM ET","Down",68418971580631615033338566446798522456834656303120206222412457819630396420585,0x8f6ea156a86cfcedd53808f7871c0c073161b96bd3b7b335fab96bfcb6f4770b,0x6d4a2cf20e2ed157eb5482a5cb1ab0c8181f9c4f3e02578bc7f83c654d496387,PurpleThunderBicycleMountain
1767347561,2026-01-02 09:52:41,BUY,0.41,10,4.1,"Ethereum Up or Down - January 2, 4:45AM-5:00AM ET","Up",95318881557509220308090308090003400258031728362984514623102975942766797946555,0xd31bfaaced7e2dfd38917140b21484fab90523cf111ca5ba78db96bd63b7260d,0xa366a4eb76a02bde28dbbddad96d37127b736cc963824f9d489d546e350efaeb,PurpleThunderBicycleMountain
1767347561,2026-01-02 09:52:41,BUY,0.41000015340011353,1.694914,0.694915,"Ethereum Up or Down - January 2, 4:45AM-5:00AM ET","Up",95318881557509220308090308090003400258031728362984514623102975942766797946555,0xd31bfaaced7e2dfd38917140b21484fab90523cf111ca5ba78db96bd63b7260d,0x6cec93fcecbd23189f4e8f29210f4edec561d8a726792963f2b59fad3d60b815,PurpleThunderBicycleMountain
1767347561,2026-01-02 09:52:41,BUY,0.42,1.43,0.6006,"Ethereum Up or Down - January 2, 4:45AM-5:00AM ET","Up",95318881557509220308090308090003400258031728362984514623102975942766797946555,0xd31bfaaced7e2dfd38917140b21484fab90523cf111ca5ba78db96bd63b7260d,0xfeb384bfc76319d2936dce02b7daeef5d42ad5d2f455f986d6cadd289f06bd07,PurpleThunderBicycleMountain
1767347561,2026-01-02 09:52:41,BUY,0.43,173,74.39,"Ethereum Up or Down - January 2, 4:45AM-5:00AM ET","Up",95318881557509220308090308090003400258031728362984514623102975942766797946555,0xd31bfaaced7e2dfd38917140b21484fab90523cf111ca5ba78db96bd63b7260d,0xbd0774c25b7b2960afef8c15f85c87ce853b065ab58809641785751df42cfd42,PurpleThunderBicycleMountain
1767347561,2026-01-02 09:52:41,BUY,0.14,62,8.68,"Bitcoin Up or Down - January 2, 4:45AM-5:00AM ET","Down",18938028871928360822106966175923951973673383342267850151216298046238947591873,0xfdc94b9e188e7456dc780d2a0b665805a88a7b14c0590ae3028ca585e3d9602e,0x5eb3661753e1f4a43ce48653e30c636ec23785ee04de7e5c369df44375ce8462,PurpleThunderBicycleMountain
1767347561,2026-01-02 09:52:41,BUY,0.19000002430009647,1.234563,0.234567,"XRP Up or Down - January 2, 4:45AM-5:00AM ET","Down",109876616718818391275529389500968033562562870156475463563766291569255331497423,0xb15b21f91054a4439f8508d12c76c9210d97910b650edaa102dfe16635103123,0xde0323b2011589a41c51b02f473191fafc92bd2c214f2f013bb1cc59308a578a,PurpleThunderBicycleMountain
1767347561,2026-01-02 09:52:41,BUY,0.01,36.8686,0.368686,"XRP Up or Down - January 2, 4AM ET","Down",68418971580631615033338566446798522456834656303120206222412457819630396420585,0x8f6ea156a86cfcedd53808f7871c0c073161b96bd3b7b335fab96bfcb6f4770b,0x7efcfdeeab0d7e7d8987034294299f506ecb89e9c523c9ab140078182e8b3b15,PurpleThunderBicycleMountain
1767347561,2026-01-02 09:52:41,BUY,0.19,8,1.52,"XRP Up or Down - January 2, 4:45AM-5:00AM ET","Down",109876616718818391275529389500968033562562870156475463563766291569255331497423,0xb15b21f91054a4439f8508d12c76c9210d97910b650edaa102dfe16635103123,0xdbf0c7146e4cd17975d1fde2d4f0217d9aa53528a052e65538818dd9274fbfc7,PurpleThunderBicycleMountain
1767347561,2026-01-02 09:52:41,BUY,0.09000000085312505,35.164833,3.164835,"Solana Up or Down - January 2, 4:45AM-5:00AM ET","Down",11590064891491972532477422264929275909574300450848867396272098266679862026987,0xe2320b6ee69e5aacac53f56d3e99aaf65824540ec89d5c78b2f8ea88eda98a23,0x366b42b28eacfd278d5c6281496b7f1e5be69aa81afdc9a6e6a689bb5f981435,PurpleThunderBicycleMountain
1767347559,2026-01-02 09:52:39,BUY,0.04,1.04165,0.041666,"Ethereum Up or Down - January 2, 4AM ET","Down",61209364967560625082103990331601144499394784733094169942037200072812632625237,0x55ad64cba705cadb918f1c0bbeb6e17cf9c942ef9152fcf04f79c85ee48443f7,0x3686023897ae69cc2477215857f027ecb22a1cf191aada2fe5af37a6706c7631,PurpleThunderBicycleMountain
1767347559,2026-01-02 09:52:39,BUY,0.41000015340011353,1.694914,0.694915,"Ethereum Up or Down - January 2, 4:45AM-5:00AM ET","Up",95318881557509220308090308090003400258031728362984514623102975942766797946555,0xd31bfaaced7e2dfd38917140b21484fab90523cf111ca5ba78db96bd63b7260d,0xecfab3419dac53d6bd90c4124cc52f684283875978483a17eadd995ff0ec7cad,PurpleThunderBicycleMountain
1767347557,2026-01-02 09:52:37,BUY,0.18000001640001606,1.219511,0.219512,"XRP Up or Down - January 2, 4:45AM-5:00AM ET","Down",109876616718818391275529389500968033562562870156475463563766291569255331497423,0xb15b21f91054a4439f8508d12c76c9210d97910b650edaa102dfe16635103123,0x9f8da9719d7789471f4ca1c6e9881cc0059ee3cc603b15adfb4bcb7367c6a9ac,PurpleThunderBicycleMountain
1767347557,2026-01-02 09:52:37,BUY,0.09,4.3956,0.395604,"Bitcoin Up or Down - January 2, 4AM ET","Down",71951386699908534538648930406357776756628976283553305016487744617732643078668,0xd5abf522341093dc479495989c1f15c74d484e00bb7ecb2f5fc716ebd4a2aa2e,0xf920ace5123621aabdc83b6dc1004295f813319c6e46e518c24e3403146a98e1,PurpleThunderBicycleMountain
1767347557,2026-01-02 09:52:37,BUY,0.1800000017972603,44.512194,8.012195,"XRP Up or Down - January 2, 4:45AM-5:00AM ET","Down",109876616718818391275529389500968033562562870156475463563766291569255331497423,0xb15b21f91054a4439f8508d12c76c9210d97910b650edaa102dfe16635103123,0xa1cf6d24aa72f5753f43df87d9bba13aeeba4a8fe3765a3b7fda71b5fb31fc9b,PurpleThunderBicycleMountain
1767347557,2026-01-02 09:52:37,BUY,0.19000011129811945,1.617278,0.307283,"XRP Up or Down - January 2, 4:45AM-5:00AM ET","Down",109876616718818391275529389500968033562562870156475463563766291569255331497423,0xb15b21f91054a4439f8508d12c76c9210d97910b650edaa102dfe16635103123,0x46e44337b78bba4434f1fa7bb648f061ad9251cf647ca9b2f2e36463cab6c218,PurpleThunderBicycleMountain
1767347557,2026-01-02 09:52:37,BUY,0.1,122.5,12.25,"Solana Up or Down - January 2, 4:45AM-5:00AM ET","Down",11590064891491972532477422264929275909574300450848867396272098266679862026987,0xe2320b6ee69e5aacac53f56d3e99aaf65824540ec89d5c78b2f8ea88eda98a23,0x6191fea953bf312710ebdfa1c762d218fd727336bce1d0995121bf460e56c220,PurpleThunderBicycleMountain
1767347557,2026-01-02 09:52:37,BUY,0.01,1.3232,0.013232,"XRP Up or Down - January 2, 4AM ET","Down",68418971580631615033338566446798522456834656303120206222412457819630396420585,0x8f6ea156a86cfcedd53808f7871c0c073161b96bd3b7b335fab96bfcb6f4770b,0xf4b8762f3bf07aa4d22b714d65ba3de067baeb25435b54911ec5e1ee049bca60,PurpleThunderBicycleMountain
1767347557,2026-01-02 09:52:37,BUY,0.09,109.8901,9.890109,"Bitcoin Up or Down - January 2, 4AM ET","Down",71951386699908534538648930406357776756628976283553305016487744617732643078668,0xd5abf522341093dc479495989c1f15c74d484e00bb7ecb2f5fc716ebd4a2aa2e,0x03551c70179b841d9789d5440ffd423e0fb9b5a7984dc892e04c2d0bc84cf93c,PurpleThunderBicycleMountain
1767347557,2026-01-02 09:52:37,BUY,0.04,48.05,1.922,"Ethereum Up or Down - January 2, 4AM ET","Down",61209364967560625082103990331601144499394784733094169942037200072812632625237,0x55ad64cba705cadb918f1c0bbeb6e17cf9c942ef9152fcf04f79c85ee48443f7,0xacc94a7af1f133d7356e6ba2c3846ee44ef4624a73920505bed329cbe1d58d57,PurpleThunderBicycleMountain
1767347557,2026-01-02 09:52:37,BUY,0.04,38.020825,1.520833,"Ethereum Up or Down - January 2, 4AM ET","Down",61209364967560625082103990331601144499394784733094169942037200072812632625237,0x55ad64cba705cadb918f1c0bbeb6e17cf9c942ef9152fcf04f79c85ee48443f7,0xbecb23eea976042f7d51161fac54857562ded2850de08a923229842fed3362cd,PurpleThunderBicycleMountain
1767347557,2026-01-02 09:52:37,BUY,0.01,1.0101,0.010101,"XRP Up or Down - January 2, 4AM ET","Down",68418971580631615033338566446798522456834656303120206222412457819630396420585,0x8f6ea156a86cfcedd53808f7871c0c073161b96bd3b7b335fab96bfcb6f4770b,0xf8e04f2677795dffdb3e3b2b9430366fa1a6187e52d92fc58b5cc4aa69049776,PurpleThunderBicycleMountain
1767347557,2026-01-02 09:52:37,BUY,0.09,20.65,1.8585,"Bitcoin Up or Down - January 2, 4AM ET","Down",71951386699908534538648930406357776756628976283553305016487744617732643078668,0xd5abf522341093dc479495989c1f15c74d484e00bb7ecb2f5fc716ebd4a2aa2e,0x26b1e1d80f0d76600f7aabdb4e937ce73c3206ff5423971563e2fcb98d71494e,PurpleThunderBicycleMountain
1767347557,2026-01-02 09:52:37,BUY,0.0800000020780989,19.248362,1.539869,"Bitcoin Up or Down - January 2, 4AM ET","Down",71951386699908534538648930406357776756628976283553305016487744617732643078668,0xd5abf522341093dc479495989c1f15c74d484e00bb7ecb2f5fc716ebd4a2aa2e,0x26b1e1d80f0d76600f7aabdb4e937ce73c3206ff5423971563e2fcb98d71494e,PurpleThunderBicycleMountain
1767347555,2026-01-02 09:52:35,BUY,0.09,3.83,0.3447,"Bitcoin Up or Down - January 2, 4AM ET","Down",71951386699908534538648930406357776756628976283553305016487744617732643078668,0xd5abf522341093dc479495989c1f15c74d484e00bb7ecb2f5fc716ebd4a2aa2e,0xd4862bb97435175044b613df274a3c222b7a465af2b1c7c999c4a0b5159827c6,PurpleThunderBicycleMountain
1767347555,2026-01-02 09:52:35,BUY,0.05,18.41,0.9205,"Ethereum Up or Down - January 2, 4AM ET","Down",61209364967560625082103990331601144499394784733094169942037200072812632625237,0x55ad64cba705cadb918f1c0bbeb6e17cf9c942ef9152fcf04f79c85ee48443f7,0x127029029c4b2000b80c279cf3b93bd1a56b3ec1fe408273b05441c0f59f2149,PurpleThunderBicycleMountain
1767347555,2026-01-02 09:52:35,BUY,0.1,60,6,"Bitcoin Up or Down - January 2, 4AM ET","Down",71951386699908534538648930406357776756628976283553305016487744617732643078668,0xd5abf522341093dc479495989c1f15c74d484e00bb7ecb2f5fc716ebd4a2aa2e,0x091a0fb4ecb5bd657b15b2e493a5e662875e066ef5aaa173c3e0e2b319e4e1a6,PurpleThunderBicycleMountain
1767347555,2026-01-02 09:52:35,BUY,0.43,4,1.72,"Ethereum Up or Down - January 2, 4:45AM-5:00AM ET","Up",95318881557509220308090308090003400258031728362984514623102975942766797946555,0xd31bfaaced7e2dfd38917140b21484fab90523cf111ca5ba78db96bd63b7260d,0xf88abdf6dcc0562ca522730b82f6065b8146c39f8ea6d2d4b44af1fbea259ff6,PurpleThunderBicycleMountain
1767347555,2026-01-02 09:52:35,BUY,0.09,1.0989,0.098901,"Bitcoin Up or Down - January 2, 4AM ET","Down",71951386699908534538648930406357776756628976283553305016487744617732643078668,0xd5abf522341093dc479495989c1f15c74d484e00bb7ecb2f5fc716ebd4a2aa2e,0x1820c375a496763686ea65799736212f3535aed1e1847c84ec905aa8d581a7bf,PurpleThunderBicycleMountain
1767347555,2026-01-02 09:52:35,BUY,0.45,2,0.9,"Ethereum Up or Down - January 2, 4:45AM-5:00AM ET","Up",95318881557509220308090308090003400258031728362984514623102975942766797946555,0xd31bfaaced7e2dfd38917140b21484fab90523cf111ca5ba78db96bd63b7260d,0xa497d23350cd48831c3f025ec0263164508324c5df1d2eb638c60f5352da3379,PurpleThunderBicycleMountain
1767347555,2026-01-02 09:52:35,BUY,0.09,1.0989,0.098901,"Bitcoin Up or Down - January 2, 4AM ET","Down",71951386699908534538648930406357776756628976283553305016487744617732643078668,0xd5abf522341093dc479495989c1f15c74d484e00bb7ecb2f5fc716ebd4a2aa2e,0xfec815bf17c0b472d16594ab0a6a4e71ba844b67a87654553f8b30ca1327c722,PurpleThunderBicycleMountain
1767347555,2026-01-02 09:52:35,BUY,0.04,1.04165,0.041666,"Ethereum Up or Down - January 2, 4AM ET","Down",61209364967560625082103990331601144499394784733094169942037200072812632625237,0x55ad64cba705cadb918f1c0bbeb6e17cf9c942ef9152fcf04f79c85ee48443f7,0xd9406e2873013cc6bb42dcf8178c465d5ed8c17abe221d9e7bcd95c1f109aa3a,PurpleThunderBicycleMountain
1767347553,2026-01-02 09:52:33,BUY,0.09,1.29,0.1161,"Solana Up or Down - January 2, 4:45AM-5:00AM ET","Down",11590064891491972532477422264929275909574300450848867396272098266679862026987,0xe2320b6ee69e5aacac53f56d3e99aaf65824540ec89d5c78b2f8ea88eda98a23,0x9bf072c26236fba9e8da6a607c50fe21918250ebf43d92a8ff4008728ec9aab5,PurpleThunderBicycleMountain
1767347553,2026-01-02 09:52:33,BUY,0.09,3.83,0.3447,"Bitcoin Up or Down - January 2, 4AM ET","Down",71951386699908534538648930406357776756628976283553305016487744617732643078668,0xd5abf522341093dc479495989c1f15c74d484e00bb7ecb2f5fc716ebd4a2aa2e,0xa1bd67be5ac93a68907e90ac6248e414a754805946bc6faf4b3ee0ff124c463f,PurpleThunderBicycleMountain
1767347553,2026-01-02 09:52:33,BUY,0.18,8.7,1.566,"XRP Up or Down - January 2, 4:45AM-5:00AM ET","Down",109876616718818391275529389500968033562562870156475463563766291569255331497423,0xb15b21f91054a4439f8508d12c76c9210d97910b650edaa102dfe16635103123,0xbe761b4be8f84e70a262af79183d6e2ac92b67836c1d38a61c135266665af005,PurpleThunderBicycleMountain
1767347553,2026-01-02 09:52:33,BUY,0.44,70.46,31.0024,"Ethereum Up or Down - January 2, 4:45AM-5:00AM ET","Up",95318881557509220308090308090003400258031728362984514623102975942766797946555,0xd31bfaaced7e2dfd38917140b21484fab90523cf111ca5ba78db96bd63b7260d,0x0be4778535e6e94348122b8a01381bdacdd1333af158dfa6894e2a090f0aa798,PurpleThunderBicycleMountain
1767347553,2026-01-02 09:52:33,BUY,0.09,3.19,0.2871,"Bitcoin Up or Down - January 2, 4AM ET","Down",71951386699908534538648930406357776756628976283553305016487744617732643078668,0xd5abf522341093dc479495989c1f15c74d484e00bb7ecb2f5fc716ebd4a2aa2e,0x8831704ee609b1f9982503d364951be2492f15dc0d09927629e5ac7a7c7f207b,PurpleThunderBicycleMountain
1767347551,2026-01-02 09:52:31,BUY,0.13,5,0.65,"Bitcoin Up or Down - January 2, 4:45AM-5:00AM ET","Down",18938028871928360822106966175923951973673383342267850151216298046238947591873,0xfdc94b9e188e7456dc780d2a0b665805a88a7b14c0590ae3028ca585e3d9602e,0xc261e4baab273d8587f296eaa3da23c833d2aef31293a209fecfb6837d9cca7d,PurpleThunderBicycleMountain
1767347551,2026-01-02 09:52:31,BUY,0.41,11,4.51,"Ethereum Up or Down - January 2, 4:45AM-5:00AM ET","Up",95318881557509220308090308090003400258031728362984514623102975942766797946555,0xd31bfaaced7e2dfd38917140b21484fab90523cf111ca5ba78db96bd63b7260d,0x03fc076c282be10913d22edc3b4c1cee8031a3751e91fb8f132d720ed14639b5,PurpleThunderBicycleMountain
1767347549,2026-01-02 09:52:29,BUY,0.04,1.04165,0.041666,"Ethereum Up or Down - January 2, 4AM ET","Down",61209364967560625082103990331601144499394784733094169942037200072812632625237,0x55ad64cba705cadb918f1c0bbeb6e17cf9c942ef9152fcf04f79c85ee48443f7,0x881f0c6ae07b2d9e775516b5d331727391057836a537c7fe67cecd81568c4370,PurpleThunderBicycleMountain
1767347549,2026-01-02 09:52:29,BUY,0.09,52,4.68,"Bitcoin Up or Down - January 2, 4AM ET","Down",71951386699908534538648930406357776756628976283553305016487744617732643078668,0xd5abf522341093dc479495989c1f15c74d484e00bb7ecb2f5fc716ebd4a2aa2e,0x79cb21ba0dc739bd43e3a549018a7a721fe4e36ed956b7f172a241c04241ddf9,PurpleThunderBicycleMountain
1767347549,2026-01-02 09:52:29,BUY,0.08,5,0.4,"Solana Up or Down - January 2, 4:45AM-5:00AM ET","Down",11590064891491972532477422264929275909574300450848867396272098266679862026987,0xe2320b6ee69e5aacac53f56d3e99aaf65824540ec89d5c78b2f8ea88eda98a23,0x49612f964d42af4e43613fa06f9ff11b38b9cc2a923f4f2369a04ae87fece30d,PurpleThunderBicycleMountain
1767347547,2026-01-02 09:52:27,BUY,0.19,112.43,21.3617,"Bitcoin Up or Down - January 2, 4:45AM-5:00AM ET","Down",18938028871928360822106966175923951973673383342267850151216298046238947591873,0xfdc94b9e188e7456dc780d2a0b665805a88a7b14c0590ae3028ca585e3d9602e,0xc48d73a4815ce7624155be0a5df36fa9edbfee1c9f3783650c76014e0c6a3dbb,PurpleThunderBicycleMountain
1767347547,2026-01-02 09:52:27,BUY,0.09,5,0.45,"Solana Up or Down - January 2, 4:45AM-5:00AM ET","Down",11590064891491972532477422264929275909574300450848867396272098266679862026987,0xe2320b6ee69e5aacac53f56d3e99aaf65824540ec89d5c78b2f8ea88eda98a23,0x158625c84366e866e426ebb8d00d3a19b9890302404a8a0d483673b5986aa4b2,PurpleThunderBicycleMountain
1767347547,2026-01-02 09:52:27,BUY,0.04,1.04165,0.041666,"Ethereum Up or Down - January 2, 4AM ET","Down",61209364967560625082103990331601144499394784733094169942037200072812632625237,0x55ad64cba705cadb918f1c0bbeb6e17cf9c942ef9152fcf04f79c85ee48443f7,0xdde3d0ae1dafc0c609b1c66f91e808410289c24bda75dfd8d1b19fdb22c1972b,PurpleThunderBicycleMountain
1767347545,2026-01-02 09:52:25,BUY,0.07,14.56,1.0192,"Solana Up or Down - January 2, 4:45AM-5:00AM ET","Down",11590064891491972532477422264929275909574300450848867396272098266679862026987,0xe2320b6ee69e5aacac53f56d3e99aaf65824540ec89d5c78b2f8ea88eda98a23,0x7125304db99ff6403e0957c31afa8df71f11ec17daee5f57ce2dd019c3777a41,PurpleThunderBicycleMountain
1767347545,2026-01-02 09:52:25,BUY,0.06,101.96,6.1176,"Solana Up or Down - January 2, 4:45AM-5:00AM ET","Down",11590064891491972532477422264929275909574300450848867396272098266679862026987,0xe2320b6ee69e5aacac53f56d3e99aaf65824540ec89d5c78b2f8ea88eda98a23,0x7125304db99ff6403e0957c31afa8df71f11ec17daee5f57ce2dd019c3777a41,PurpleThunderBicycleMountain
1767347545,2026-01-02 09:52:25,BUY,0.06,200,12,"Solana Up or Down - January 2, 4:45AM-5:00AM ET","Down",11590064891491972532477422264929275909574300450848867396272098266679862026987,0xe2320b6ee69e5aacac53f56d3e99aaf65824540ec89d5c78b2f8ea88eda98a23,0x7125304db99ff6403e0957c31afa8df71f11ec17daee5f57ce2dd019c3777a41,PurpleThunderBicycleMountain
1767347545,2026-01-02 09:52:25,BUY,0.05,69.45978,3.472989,"Solana Up or Down - January 2, 4:45AM-5:00AM ET","Down",11590064891491972532477422264929275909574300450848867396272098266679862026987,0xe2320b6ee69e5aacac53f56d3e99aaf65824540ec89d5c78b2f8ea88eda98a23,0x7125304db99ff6403e0957c31afa8df71f11ec17daee5f57ce2dd019c3777a41,PurpleThunderBicycleMountain
1767347545,2026-01-02 09:52:25,BUY,0.1,85,8.5,"Bitcoin Up or Down - January 2, 4AM ET","Down",71951386699908534538648930406357776756628976283553305016487744617732643078668,0xd5abf522341093dc479495989c1f15c74d484e00bb7ecb2f5fc716ebd4a2aa2e,0x23da845acb075973fb0f8c6ab204a45b955dc2480bb5807ae7699b1bcc71b44c,PurpleThunderBicycleMountain
1767347543,2026-01-02 09:52:23,BUY,0.22,9,1.98,"XRP Up or Down - January 2, 4:45AM-5:00AM ET","Down",109876616718818391275529389500968033562562870156475463563766291569255331497423,0xb15b21f91054a4439f8508d12c76c9210d97910b650edaa102dfe16635103123,0x9ee0957fb69997605462387d885afa0902c076c23bfcb7453bbbdd4125a72a48,PurpleThunderBicycleMountain
1767347543,2026-01-02 09:52:23,BUY,0.11,45,4.95,"Bitcoin Up or Down - January 2, 4AM ET","Down",71951386699908534538648930406357776756628976283553305016487744617732643078668,0xd5abf522341093dc479495989c1f15c74d484e00bb7ecb2f5fc716ebd4a2aa2e,0x0e54180537fa7a92c2806f0dd16ded87af2a10020706a03f801852ee3aa4bf10,PurpleThunderBicycleMountain
1767347543,2026-01-02 09:52:23,BUY,0.21000001343000516,12.658223,2.658227,"XRP Up or Down - January 2, 4:45AM-5:00AM ET","Down",109876616718818391275529389500968033562562870156475463563766291569255331497423,0xb15b21f91054a4439f8508d12c76c9210d97910b650edaa102dfe16635103123,0x0b14cee44cfe8cab5716a47775045ff0673a0b19a909e0a8da2c77546cc6835c,PurpleThunderBicycleMountain
1767347543,2026-01-02 09:52:23,BUY,0.11,175,19.25,"Bitcoin Up or Down - January 2, 4AM ET","Down",71951386699908534538648930406357776756628976283553305016487744617732643078668,0xd5abf522341093dc479495989c1f15c74d484e00bb7ecb2f5fc716ebd4a2aa2e,0xaa492308187220c757fa4a5f205b446124d515fa2982a91e17d50668c33c3e28,PurpleThunderBicycleMountain
1767347543,2026-01-02 09:52:23,BUY,0.1,115,11.5,"Bitcoin Up or Down - January 2, 4AM ET","Down",71951386699908534538648930406357776756628976283553305016487744617732643078668,0xd5abf522341093dc479495989c1f15c74d484e00bb7ecb2f5fc716ebd4a2aa2e,0xaa492308187220c757fa4a5f205b446124d515fa2982a91e17d50668c33c3e28,PurpleThunderBicycleMountain
1767347543,2026-01-02 09:52:23,BUY,0.17,98.58,16.7586,"Bitcoin Up or Down - January 2, 4:45AM-5:00AM ET","Down",18938028871928360822106966175923951973673383342267850151216298046238947591873,0xfdc94b9e188e7456dc780d2a0b665805a88a7b14c0590ae3028ca585e3d9602e,0xb0ce90e1d90500d7545b5350badc9e4d613785580a64534e83f8467c01f654b5,PurpleThunderBicycleMountain
1767347543,2026-01-02 09:52:23,BUY,0.07,70,4.9,"Solana Up or Down - January 2, 4:45AM-5:00AM ET","Down",11590064891491972532477422264929275909574300450848867396272098266679862026987,0xe2320b6ee69e5aacac53f56d3e99aaf65824540ec89d5c78b2f8ea88eda98a23,0xb1ee91ff270dab0a717e1536790a0e651efb9064a17b88756116af0aa84d6dd4,PurpleThunderBicycleMountain
1767347541,2026-01-02 09:52:21,BUY,0.39335118127233176,327.951218,128.999999,"Ethereum Up or Down - January 2, 4:45AM-5:00AM ET","Up",95318881557509220308090308090003400258031728362984514623102975942766797946555,0xd31bfaaced7e2dfd38917140b21484fab90523cf111ca5ba78db96bd63b7260d,0xaf4e2ebecb9475eb084c1fa53d47b2954418f867702ae9919f6663429fe7347a,PurpleThunderBicycleMountain
1767347541,2026-01-02 09:52:21,BUY,0.44,93.72,41.2368,"Ethereum Up or Down - January 2, 4:45AM-5:00AM ET","Up",95318881557509220308090308090003400258031728362984514623102975942766797946555,0xd31bfaaced7e2dfd38917140b21484fab90523cf111ca5ba78db96bd63b7260d,0x15c6f9daee836e8195f88f7a4323b14b47e8985d31afd085284609fde929d927,PurpleThunderBicycleMountain
1767347541,2026-01-02 09:52:21,BUY,0.41,30,12.3,"Ethereum Up or Down - January 2, 4:45AM-5:00AM ET","Up",95318881557509220308090308090003400258031728362984514623102975942766797946555,0xd31bfaaced7e2dfd38917140b21484fab90523cf111ca5ba78db96bd63b7260d,0xb735cc428ec1b0e56aa8d588e4b4c31342b7566ca561f62ed7c45c32401462ad,PurpleThunderBicycleMountain
1767347541,2026-01-02 09:52:21,BUY,0.07722222222222222,18,1.39,"Solana Up or Down - January 2, 4:45AM-5:00AM ET","Down",11590064891491972532477422264929275909574300450848867396272098266679862026987,0xe2320b6ee69e5aacac53f56d3e99aaf65824540ec89d5c78b2f8ea88eda98a23,0x26c139b0abf6ab988b226518cb4ebcc5e92ebca1169dd01a01b4ffc2fd57561c,PurpleThunderBicycleMountain
1767347541,2026-01-02 09:52:21,BUY,0.39,15.92,6.2088,"Ethereum Up or Down - January 2, 4:45AM-5:00AM ET","Up",95318881557509220308090308090003400258031728362984514623102975942766797946555,0xd31bfaaced7e2dfd38917140b21484fab90523cf111ca5ba78db96bd63b7260d,0xeaa4b8513ea70fbca61d105fb8d6f13c39ebdfed1b97f8f28c20d277052e86bf,PurpleThunderBicycleMountain
1767347541,2026-01-02 09:52:21,BUY,0.38000001551396606,12.89161,4.898812,"Ethereum Up or Down - January 2, 4:45AM-5:00AM ET","Up",95318881557509220308090308090003400258031728362984514623102975942766797946555,0xd31bfaaced7e2dfd38917140b21484fab90523cf111ca5ba78db96bd63b7260d,0xeaa4b8513ea70fbca61d105fb8d6f13c39ebdfed1b97f8f28c20d277052e86bf,PurpleThunderBicycleMountain
1767347541,2026-01-02 09:52:21,BUY,0.06,98.0319,5.881914,"Solana Up or Down - January 2, 4:45AM-5:00AM ET","Down",11590064891491972532477422264929275909574300450848867396272098266679862026987,0xe2320b6ee69e5aacac53f56d3e99aaf65824540ec89d5c78b2f8ea88eda98a23,0x6b14980de1468420e6ee5f9bc651ee5c8c5412d73626316c90910f88e61f28ad,PurpleThunderBicycleMountain
1767347541,2026-01-02 09:52:21,BUY,0.39000000054367207,18.393441,7.173442,"Ethereum Up or Down - January 2, 4:45AM-5:00AM ET","Up",95318881557509220308090308090003400258031728362984514623102975942766797946555,0xd31bfaaced7e2dfd38917140b21484fab90523cf111ca5ba78db96bd63b7260d,0xb15257900c870ad6b74ab1061dfb21da19426dd2a4345284e2f211e2e080a5a1,PurpleThunderBicycleMountain
1767347541,2026-01-02 09:52:21,BUY,0.45,75.56,34.002,"Ethereum Up or Down - January 2, 4:45AM-5:00AM ET","Up",95318881557509220308090308090003400258031728362984514623102975942766797946555,0xd31bfaaced7e2dfd38917140b21484fab90523cf111ca5ba78db96bd63b7260d,0x546d73540cb84c01908a4461f01af601b4531d307589f6673acef02496e4d9d6,PurpleThunderBicycleMountain
1767347541,2026-01-02 09:52:21,BUY,0.21,72.28,15.1788,"XRP Up or Down - January 2, 4:45AM-5:00AM ET","Down",109876616718818391275529389500968033562562870156475463563766291569255331497423,0xb15b21f91054a4439f8508d12c76c9210d97910b650edaa102dfe16635103123,0xc51104a542e14de7c275897f7f1454d3a164a38e98896886ab8e9d317e0e707b,PurpleThunderBicycleMountain
1767347541,2026-01-02 09:52:21,BUY,0.22,0.61,0.1342,"XRP Up or Down - January 2, 4:45AM-5:00AM ET","Down",109876616718818391275529389500968033562562870156475463563766291569255331497423,0xb15b21f91054a4439f8508d12c76c9210d97910b650edaa102dfe16635103123,0xd03447e2438f6c35bedf79d76f6892a848ecb93acd34259cd0aade9358483a4f,PurpleThunderBicycleMountain
1767347541,2026-01-02 09:52:21,BUY,0.11,30,3.3,"Bitcoin Up or Down - January 2, 4AM ET","Down",71951386699908534538648930406357776756628976283553305016487744617732643078668,0xd5abf522341093dc479495989c1f15c74d484e00bb7ecb2f5fc716ebd4a2aa2e,0x8802f33fc4fa7794e3f35fcbca926ee420b7b03b22aba8ed0007be6de10d0824,PurpleThunderBicycleMountain
1767347541,2026-01-02 09:52:21,BUY,0.07,115.4301,8.080107,"Solana Up or Down - January 2, 4:45AM-5:00AM ET","Down",11590064891491972532477422264929275909574300450848867396272098266679862026987,0xe2320b6ee69e5aacac53f56d3e99aaf65824540ec89d5c78b2f8ea88eda98a23,0x78b7a56e1443f958957ad04f75034f2dcb2598bd3378046762aeac2d1b868572,PurpleThunderBicycleMountain
1767347541,2026-01-02 09:52:21,BUY,0.4,58.42,23.368,"Ethereum Up or Down - January 2, 4:45AM-5:00AM ET","Up",95318881557509220308090308090003400258031728362984514623102975942766797946555,0xd31bfaaced7e2dfd38917140b21484fab90523cf111ca5ba78db96bd63b7260d,0x94436cd2dde7fd0386561079c263644a7353fa3fbc97a9d57d7efcd94eec3d08,PurpleThunderBicycleMountain
1767347541,2026-01-02 09:52:21,BUY,0.38,80,30.4,"Ethereum Up or Down - January 2, 4:45AM-5:00AM ET","Up",95318881557509220308090308090003400258031728362984514623102975942766797946555,0xd31bfaaced7e2dfd38917140b21484fab90523cf111ca5ba78db96bd63b7260d,0x316547a21dcea3f3c25293a565720801f97cf0e8ee759fb41a6d5b77dab5a967,PurpleThunderBicycleMountain
1767347541,2026-01-02 09:52:21,BUY,0.38,7.1,2.698,"Ethereum Up or Down - January 2, 4:45AM-5:00AM ET","Up",95318881557509220308090308090003400258031728362984514623102975942766797946555,0xd31bfaaced7e2dfd38917140b21484fab90523cf111ca5ba78db96bd63b7260d,0x2853f7c9a71a5fc7a47d0ba5232fa6f330dfccf637cf41966e546ad91d606f10,PurpleThunderBicycleMountain
1767347541,2026-01-02 09:52:21,BUY,0.37,5,1.85,"Ethereum Up or Down - January 2, 4:45AM-5:00AM ET","Up",95318881557509220308090308090003400258031728362984514623102975942766797946555,0xd31bfaaced7e2dfd38917140b21484fab90523cf111ca5ba78db96bd63b7260d,0x1e171278804bd7e59a71ae55bc1386bd312abda9995911e56d0c691f68523a6a,PurpleThunderBicycleMountain
1767347541,2026-01-02 09:52:21,BUY,0.13,4,0.52,"Bitcoin Up or Down - January 2, 4AM ET","Down",71951386699908534538648930406357776756628976283553305016487744617732643078668,0xd5abf522341093dc479495989c1f15c74d484e00bb7ecb2f5fc716ebd4a2aa2e,0xf3f107c2bd12012596be7937d5badbcf0a2ae3e388c0101317e66f06a7989bc1,PurpleThunderBicycleMountain
1767347541,2026-01-02 09:52:21,BUY,0.3900000045681479,65.67213,25.612131,"Ethereum Up or Down - January 2, 4:45AM-5:00AM ET","Up",95318881557509220308090308090003400258031728362984514623102975942766797946555,0xd31bfaaced7e2dfd38917140b21484fab90523cf111ca5ba78db96bd63b7260d,0x0c99279497a002849fa7c6f378bcda69f189bb946b69401443720590588b11b7,PurpleThunderBicycleMountain
1767347539,2026-01-02 09:52:19,BUY,0.43,22,9.46,"Ethereum Up or Down - January 2, 4:45AM-5:00AM ET","Up",95318881557509220308090308090003400258031728362984514623102975942766797946555,0xd31bfaaced7e2dfd38917140b21484fab90523cf111ca5ba78db96bd63b7260d,0x1e15f0add02f8702289930d106321cb50702df8752f5cb248a3ce8b575c2d054,PurpleThunderBicycleMountain
1767347539,2026-01-02 09:52:19,BUY,0.16,1000,160,"Bitcoin Up or Down - January 2, 4:45AM-5:00AM ET","Down",18938028871928360822106966175923951973673383342267850151216298046238947591873,0xfdc94b9e188e7456dc780d2a0b665805a88a7b14c0590ae3028ca585e3d9602e,0xb7b9ef871e52a70b1afc987455611a80645566b59e6974bd56f662621a98c279,PurpleThunderBicycleMountain
1767347539,2026-01-02 09:52:19,BUY,0.16,236.25,37.8,"Bitcoin Up or Down - January 2, 4:45AM-5:00AM ET","Down",18938028871928360822106966175923951973673383342267850151216298046238947591873,0xfdc94b9e188e7456dc780d2a0b665805a88a7b14c0590ae3028ca585e3d9602e,0xa56c932e2e65ea1194f818495b475b899727ea8ea9b06e730e17e7f23437a11b,PurpleThunderBicycleMountain
1767347539,2026-01-02 09:52:19,BUY,0.37,28,10.36,"Ethereum Up or Down - January 2, 4:45AM-5:00AM ET","Up",95318881557509220308090308090003400258031728362984514623102975942766797946555,0xd31bfaaced7e2dfd38917140b21484fab90523cf111ca5ba78db96bd63b7260d,0x4e2346eda7b20cba295418ff1f9ce2c8d26be7aeed22f39088a58b678eebc436,PurpleThunderBicycleMountain
1767347539,2026-01-02 09:52:19,BUY,0.43,78,33.54,"Ethereum Up or Down - January 2, 4:45AM-5:00AM ET","Up",95318881557509220308090308090003400258031728362984514623102975942766797946555,0xd31bfaaced7e2dfd38917140b21484fab90523cf111ca5ba78db96bd63b7260d,0x9c41faf5706e8d27456717cc4b2479c89f96585e9fe23232524d1fe8abfebf71,PurpleThunderBicycleMountain
1767347539,2026-01-02 09:52:19,BUY,0.1,300,30,"Bitcoin Up or Down - January 2, 4AM ET","Down",71951386699908534538648930406357776756628976283553305016487744617732643078668,0xd5abf522341093dc479495989c1f15c74d484e00bb7ecb2f5fc716ebd4a2aa2e,0x6b38514a3ac02053d857ab7b50cd3a79770d61a6a514a1eba3d43cf9dc95826c,PurpleThunderBicycleMountain
1767347539,2026-01-02 09:52:19,BUY,0.1,402.59,40.259,"Bitcoin Up or Down - January 2, 4AM ET","Down",71951386699908534538648930406357776756628976283553305016487744617732643078668,0xd5abf522341093dc479495989c1f15c74d484e00bb7ecb2f5fc716ebd4a2aa2e,0x4bfe6cdc989150d42326ae6de66aa00da5fa49184abcf2b18d759c5d3816be72,PurpleThunderBicycleMountain
1767347539,2026-01-02 09:52:19,BUY,0.16,21.25,3.4,"Bitcoin Up or Down - January 2, 4:45AM-5:00AM ET","Down",18938028871928360822106966175923951973673383342267850151216298046238947591873,0xfdc94b9e188e7456dc780d2a0b665805a88a7b14c0590ae3028ca585e3d9602e,0x829956c0651357993951f3dac00ab87b2514b424a1152725bd98aec9ef584e2c,PurpleThunderBicycleMountain
1767347539,2026-01-02 09:52:19,BUY,0.1,66,6.6,"Bitcoin Up or Down - January 2, 4AM ET","Down",71951386699908534538648930406357776756628976283553305016487744617732643078668,0xd5abf522341093dc479495989c1f15c74d484e00bb7ecb2f5fc716ebd4a2aa2e,0xc7ec0b4f66f1b012eaa0d0cd4090f5db543845d85ef77ee537e1cbec70332ab2,PurpleThunderBicycleMountain
1767347539,2026-01-02 09:52:19,BUY,0.18,11.76,2.1168,"Bitcoin Up or Down - January 2, 4:45AM-5:00AM ET","Down",18938028871928360822106966175923951973673383342267850151216298046238947591873,0xfdc94b9e188e7456dc780d2a0b665805a88a7b14c0590ae3028ca585e3d9602e,0xcc4e56029d03d4725d895c65c098bed9364627abb7e2a8f2e7ae599ce1c03b82,PurpleThunderBicycleMountain
1767347539,2026-01-02 09:52:19,BUY,0.4146771826852531,109.04,45.2164,"Ethereum Up or Down - January 2, 4:45AM-5:00AM ET","Up",95318881557509220308090308090003400258031728362984514623102975942766797946555,0xd31bfaaced7e2dfd38917140b21484fab90523cf111ca5ba78db96bd63b7260d,0x8a03705c76df48a61b320a8faeda0e1e2330b2efeaba68332091463361a4795c,PurpleThunderBicycleMountain
1767347539,2026-01-02 09:52:19,BUY,0.17999995199999597,15.833332,2.849999,"Bitcoin Up or Down - January 2, 4:45AM-5:00AM ET","Down",18938028871928360822106966175923951973673383342267850151216298046238947591873,0xfdc94b9e188e7456dc780d2a0b665805a88a7b14c0590ae3028ca585e3d9602e,0xc78fb0c93d22b5cebd8dd828ad2c771524775976bc5e7411a5606b5b4420e255,PurpleThunderBicycleMountain
1767347539,2026-01-02 09:52:19,BUY,0.4,41.58,16.632,"Ethereum Up or Down - January 2, 4:45AM-5:00AM ET","Up",95318881557509220308090308090003400258031728362984514623102975942766797946555,0xd31bfaaced7e2dfd38917140b21484fab90523cf111ca5ba78db96bd63b7260d,0x02b9d826d2e0fe322ec423b18eed243411e1b70032abc90785870e6477cd399b,PurpleThunderBicycleMountain
1767347537,2026-01-02 09:52:17,BUY,0.1531278570149094,268.664375,41.14,"Bitcoin Up or Down - January 2, 4:45AM-5:00AM ET","Down",18938028871928360822106966175923951973673383342267850151216298046238947591873,0xfdc94b9e188e7456dc780d2a0b665805a88a7b14c0590ae3028ca585e3d9602e,0x655dcc8f108b985b9acb62fadedd674e280e0e1455e94ae1d8e49482f123e197,PurpleThunderBicycleMountain
1767347537,2026-01-02 09:52:17,BUY,0.15,640,96,"Bitcoin Up or Down - January 2, 4:45AM-5:00AM ET","Down",18938028871928360822106966175923951973673383342267850151216298046238947591873,0xfdc94b9e188e7456dc780d2a0b665805a88a7b14c0590ae3028ca585e3d9602e,0x1b2f953fc7bdb6c4b78452d3857872a48b6a4a1201ff653c9fd2e31cd273fad4,PurpleThunderBicycleMountain
1767347537,2026-01-02 09:52:17,BUY,0.15,320,48,"Bitcoin Up or Down - January 2, 4:45AM-5:00AM ET","Down",18938028871928360822106966175923951973673383342267850151216298046238947591873,0xfdc94b9e188e7456dc780d2a0b665805a88a7b14c0590ae3028ca585e3d9602e,0x212ad7037b533f340bca10d07d29b2325736bd7c06aafcedbc9cc3d496682061,PurpleThunderBicycleMountain
1767347537,2026-01-02 09:52:17,BUY,0.04,38.55,1.542,"Solana Up or Down - January 2, 4:45AM-5:00AM ET","Down",11590064891491972532477422264929275909574300450848867396272098266679862026987,0xe2320b6ee69e5aacac53f56d3e99aaf65824540ec89d5c78b2f8ea88eda98a23,0xe2f22cdb8cffafd7567983ec10f92093ce790cab1406ce443149da48c281cef5,PurpleThunderBicycleMountain
1767347537,2026-01-02 09:52:17,BUY,0.05,133,6.65,"Solana Up or Down - January 2, 4:45AM-5:00AM ET","Down",11590064891491972532477422264929275909574300450848867396272098266679862026987,0xe2320b6ee69e5aacac53f56d3e99aaf65824540ec89d5c78b2f8ea88eda98a23,0xf857df90687e3ab3a95594f0fd218ad1c99795b6f69d463454b891b300eeae33,PurpleThunderBicycleMountain
1767347537,2026-01-02 09:52:17,BUY,0.05,133,6.65,"Solana Up or Down - January 2, 4:45AM-5:00AM ET","Down",11590064891491972532477422264929275909574300450848867396272098266679862026987,0xe2320b6ee69e5aacac53f56d3e99aaf65824540ec89d5c78b2f8ea88eda98a23,0x88e38a7e6a1463033bc7406cc2f11354117c6e48e75e96a0dc99585106c4da1a,PurpleThunderBicycleMountain
1767347535,2026-01-02 09:52:15,BUY,0.05,200,10,"Solana Up or Down - January 2, 4:45AM-5:00AM ET","Down",11590064891491972532477422264929275909574300450848867396272098266679862026987,0xe2320b6ee69e5aacac53f56d3e99aaf65824540ec89d5c78b2f8ea88eda98a23,0xb8ed1236dfab29df3860108e0c90c8c44fb068788d1a33941a92402de6d537be,PurpleThunderBicycleMountain
1767347533,2026-01-02 09:52:13,BUY,0.05,200,10,"Solana Up or Down - January 2, 4:45AM-5:00AM ET","Down",11590064891491972532477422264929275909574300450848867396272098266679862026987,0xe2320b6ee69e5aacac53f56d3e99aaf65824540ec89d5c78b2f8ea88eda98a23,0x68643ebd99dc87531fe1efe5c5fe7d56b7a5fadf05a946299e638e12401f396a,PurpleThunderBicycleMountain
1767347531,2026-01-02 09:52:11,BUY,0.11,17.63,1.9393,"Bitcoin Up or Down - January 2, 4:45AM-5:00AM ET","Down",18938028871928360822106966175923951973673383342267850151216298046238947591873,0xfdc94b9e188e7456dc780d2a0b665805a88a7b14c0590ae3028ca585e3d9602e,0x0fa1fbd03b9d9d429cc9b5806bb4312c41186cf5f2b95f4b63d30d54c4e68955,PurpleThunderBicycleMountain
1767347531,2026-01-02 09:52:11,BUY,0.12,25,3,"Bitcoin Up or Down - January 2, 4:45AM-5:00AM ET","Down",18938028871928360822106966175923951973673383342267850151216298046238947591873,0xfdc94b9e188e7456dc780d2a0b665805a88a7b14c0590ae3028ca585e3d9602e,0xe503dc34aa1ebc5bd56bebeadf389d9653eae72ce66c5e4e1212420266fd24e9,PurpleThunderBicycleMountain
1767347531,2026-01-02 09:52:11,BUY,0.05,300,15,"Solana Up or Down - January 2, 4:45AM-5:00AM ET","Down",11590064891491972532477422264929275909574300450848867396272098266679862026987,0xe2320b6ee69e5aacac53f56d3e99aaf65824540ec89d5c78b2f8ea88eda98a23,0xf2494c5639d1c181a8380a13faa5237f68c4556bf260437c4df8aa3599abe5a5,PurpleThunderBicycleMountain
1767347531,2026-01-02 09:52:11,BUY,0.37,50,18.5,"Ethereum Up or Down - January 2, 4:45AM-5:00AM ET","Down",9913160326128606063870050347061421264371157275987984823993701904304821868327,0xd31bfaaced7e2dfd38917140b21484fab90523cf111ca5ba78db96bd63b7260d,0x9527cd5c4f935be397d93fba15121548d465ba88b64922ffef4a085c73f42f35,PurpleThunderBicycleMountain
1767347531,2026-01-02 09:52:11,BUY,0.05,200,10,"Solana Up or Down - January 2, 4:45AM-5:00AM ET","Down",11590064891491972532477422264929275909574300450848867396272098266679862026987,0xe2320b6ee69e5aacac53f56d3e99aaf65824540ec89d5c78b2f8ea88eda98a23,0x02187e5f3bb75aafbade6dc2db7a17316dddbaafd148f0db5fc52c667c4aa8e2,PurpleThunderBicycleMountain
1767347527,2026-01-02 09:52:07,BUY,0.08,54.347825,4.347826,"Bitcoin Up or Down - January 2, 4AM ET","Down",71951386699908534538648930406357776756628976283553305016487744617732643078668,0xd5abf522341093dc479495989c1f15c74d484e00bb7ecb2f5fc716ebd4a2aa2e,0xfb7a6fee3ad345425e1566aae8e6a91df240419d7424377348e90ff2d5af66b1,PurpleThunderBicycleMountain
1767347527,2026-01-02 09:52:07,BUY,0.59,35,20.65,"Ethereum Up or Down - January 2, 4:45AM-5:00AM ET","Up",95318881557509220308090308090003400258031728362984514623102975942766797946555,0xd31bfaaced7e2dfd38917140b21484fab90523cf111ca5ba78db96bd63b7260d,0x3550b704448879d24e7d131cec27cc02e3aecaec562d6915b4d76fcd44fd2768,PurpleThunderBicycleMountain
1767347525,2026-01-02 09:52:05,BUY,0.08,2,0.16,"Bitcoin Up or Down - January 2, 4AM ET","Down",71951386699908534538648930406357776756628976283553305016487744617732643078668,0xd5abf522341093dc479495989c1f15c74d484e00bb7ecb2f5fc716ebd4a2aa2e,0x809744214b6d69aac6b17495bef1091eef005e4bdd3201b56c0628083c6a96b4,PurpleThunderBicycleMountain
1767347525,2026-01-02 09:52:05,BUY,0.03,102,3.06,"Ethereum Up or Down - January 2, 4AM ET","Down",61209364967560625082103990331601144499394784733094169942037200072812632625237,0x55ad64cba705cadb918f1c0bbeb6e17cf9c942ef9152fcf04f79c85ee48443f7,0x6e313a8db7ee09f61436552e0120606c7bd8e13035d0df2efd941e3f1fc9a5ac,PurpleThunderBicycleMountain
1767347525,2026-01-02 09:52:05,BUY,0.04,10,0.4,"Solana Up or Down - January 2, 4:45AM-5:00AM ET","Down",11590064891491972532477422264929275909574300450848867396272098266679862026987,0xe2320b6ee69e5aacac53f56d3e99aaf65824540ec89d5c78b2f8ea88eda98a23,0xec32a2e2083bcb142f8de12ffd288c4a0ca7a83767c03e82288259cfc28f36cb,PurpleThunderBicycleMountain
1767347525,2026-01-02 09:52:05,BUY,0.08,50,4,"Bitcoin Up or Down - January 2, 4AM ET","Down",71951386699908534538648930406357776756628976283553305016487744617732643078668,0xd5abf522341093dc479495989c1f15c74d484e00bb7ecb2f5fc716ebd4a2aa2e,0xc187057fcc31ea3f4a4f88fef6d53996263bfc23c6f04b0ecf8740d0c117d516,PurpleThunderBicycleMountain
1767347525,2026-01-02 09:52:05,BUY,0.08,4.347825,0.347826,"Bitcoin Up or Down - January 2, 4AM ET","Down",71951386699908534538648930406357776756628976283553305016487744617732643078668,0xd5abf522341093dc479495989c1f15c74d484e00bb7ecb2f5fc716ebd4a2aa2e,0x67d5968b3240bb2f3860717a3a3138857d7daca6a3a19c7e43a90f855ce97f02,PurpleThunderBicycleMountain
1767347525,2026-01-02 09:52:05,BUY,0.11,15.79,1.7369,"Bitcoin Up or Down - January 2, 4:45AM-5:00AM ET","Down",18938028871928360822106966175923951973673383342267850151216298046238947591873,0xfdc94b9e188e7456dc780d2a0b665805a88a7b14c0590ae3028ca585e3d9602e,0x747c572b1cf13920e247d096d2d8a8fa5bb931a6cf3e6f4ebaf5a61cad9e6f9f,PurpleThunderBicycleMountain
1767347523,2026-01-02 09:52:03,BUY,0.13,120,15.6,"Bitcoin Up or Down - January 2, 4:45AM-5:00AM ET","Down",18938028871928360822106966175923951973673383342267850151216298046238947591873,0xfdc94b9e188e7456dc780d2a0b665805a88a7b14c0590ae3028ca585e3d9602e,0xe957ca03d7702cab64755faca26829ca175089cc1c6163e94b8bd58de2e036bb,PurpleThunderBicycleMountain
1767347521,2026-01-02 09:52:01,BUY,0.08,282.95,22.636,"Bitcoin Up or Down - January 2, 4AM ET","Down",71951386699908534538648930406357776756628976283553305016487744617732643078668,0xd5abf522341093dc479495989c1f15c74d484e00bb7ecb2f5fc716ebd4a2aa2e,0xf5102f5e774b7770163931061f32fa1873d3dcd5a3bc906dcad7aae68d8913f6,PurpleThunderBicycleMountain
1767347521,2026-01-02 09:52:01,BUY,0.05,200,10,"Solana Up or Down - January 2, 4:45AM-5:00AM ET","Down",11590064891491972532477422264929275909574300450848867396272098266679862026987,0xe2320b6ee69e5aacac53f56d3e99aaf65824540ec89d5c78b2f8ea88eda98a23,0xaa7127369c2f5bb296204e468aca46e85ffcd0803d3410868b6c6603694ef7d6,PurpleThunderBicycleMountain
1767347519,2026-01-02 09:51:59,BUY,0.1,1.2,0.12,"Bitcoin Up or Down - January 2, 4:45AM-5:00AM ET","Down",18938028871928360822106966175923951973673383342267850151216298046238947591873,0xfdc94b9e188e7456dc780d2a0b665805a88a7b14c0590ae3028ca585e3d9602e,0xbb10ec8a4a60a18d6d00adfc35e01e11933ce01f620d06fcb214948a76a4f068,PurpleThunderBicycleMountain
1767347519,2026-01-02 09:51:59,BUY,0.36,34,12.24,"Ethereum Up or Down - January 2, 4:45AM-5:00AM ET","Down",9913160326128606063870050347061421264371157275987984823993701904304821868327,0xd31bfaaced7e2dfd38917140b21484fab90523cf111ca5ba78db96bd63b7260d,0x73802e88fc84ccf97936550a242ad18979098ca7447ae1e74633540f6d7f0cb9,PurpleThunderBicycleMountain
1767347517,2026-01-02 09:51:57,BUY,0.1,64,6.4,"Bitcoin Up or Down - January 2, 4:45AM-5:00AM ET","Down",18938028871928360822106966175923951973673383342267850151216298046238947591873,0xfdc94b9e188e7456dc780d2a0b665805a88a7b14c0590ae3028ca585e3d9602e,0x51c93b0371b45e496e9dfcdbc6657b699a875469c2f3b0d303e7ff84f246d396,PurpleThunderBicycleMountain
1767347513,2026-01-02 09:51:53,BUY,0.05,200,10,"Solana Up or Down - January 2, 4:45AM-5:00AM ET","Down",11590064891491972532477422264929275909574300450848867396272098266679862026987,0xe2320b6ee69e5aacac53f56d3e99aaf65824540ec89d5c78b2f8ea88eda98a23,0x230e3675c61ca5e4ea4fb97f025dc09af488e2dae26b3a0b6cd1d8aea53e2906,PurpleThunderBicycleMountain
1767347511,2026-01-02 09:51:51,BUY,0.04,139.35415,5.574166,"Solana Up or Down - January 2, 4:45AM-5:00AM ET","Down",11590064891491972532477422264929275909574300450848867396272098266679862026987,0xe2320b6ee69e5aacac53f56d3e99aaf65824540ec89d5c78b2f8ea88eda98a23,0x04f34d41557f31b6bfb5728cd3a42ab8b186f474e13ea70b7df78ae5f53f6bef,PurpleThunderBicycleMountain
1767347509,2026-01-02 09:51:49,BUY,0.1,6,0.6,"Bitcoin Up or Down - January 2, 4:45AM-5:00AM ET","Down",18938028871928360822106966175923951973673383342267850151216298046238947591873,0xfdc94b9e188e7456dc780d2a0b665805a88a7b14c0590ae3028ca585e3d9602e,0x0396e14e44f1cccef1aeaa09b7af283f2f9292ba5890b8a82490cd558114b0b5,PurpleThunderBicycleMountain
1767347509,2026-01-02 09:51:49,BUY,0.1,21,2.1,"Bitcoin Up or Down - January 2, 4:45AM-5:00AM ET","Down",18938028871928360822106966175923951973673383342267850151216298046238947591873,0xfdc94b9e188e7456dc780d2a0b665805a88a7b14c0590ae3028ca585e3d9602e,0x0b8c3edde404ce5c3e030ba86bc4947e76eba11e63c465bde9a8323fe9e87f88,PurpleThunderBicycleMountain
1767347509,2026-01-02 09:51:49,BUY,0.12,11,1.32,"XRP Up or Down - January 2, 4:45AM-5:00AM ET","Down",109876616718818391275529389500968033562562870156475463563766291569255331497423,0xb15b21f91054a4439f8508d12c76c9210d97910b650edaa102dfe16635103123,0x43d57a14ccff3647d2f833ff9f6bd40c589334b9ff4b847df87e4ec0364902e0,PurpleThunderBicycleMountain
1767347507,2026-01-02 09:51:47,BUY,0.12,293.99,35.2788,"Bitcoin Up or Down - January 2, 4:45AM-5:00AM ET","Down",18938028871928360822106966175923951973673383342267850151216298046238947591873,0xfdc94b9e188e7456dc780d2a0b665805a88a7b14c0590ae3028ca585e3d9602e,0x88102c644e49086d0e9ca52225597a7d5faf614db37064b10dc80faacdc7e17b,PurpleThunderBicycleMountain
1767347507,2026-01-02 09:51:47,BUY,0.1,120,12,"Bitcoin Up or Down - January 2, 4:45AM-5:00AM ET","Down",18938028871928360822106966175923951973673383342267850151216298046238947591873,0xfdc94b9e188e7456dc780d2a0b665805a88a7b14c0590ae3028ca585e3d9602e,0x0c065d325354f67aeb3f328542e2c4cbec0772cf8cad02e83c98dac526c02a28,PurpleThunderBicycleMountain
1767347507,2026-01-02 09:51:47,BUY,0.1,9,0.9,"Bitcoin Up or Down - January 2, 4:45AM-5:00AM ET","Down",18938028871928360822106966175923951973673383342267850151216298046238947591873,0xfdc94b9e188e7456dc780d2a0b665805a88a7b14c0590ae3028ca585e3d9602e,0xbee5450eae589f03720020b2065019a09218fec8220b1b37ec7f1ced57fe2b0c,PurpleThunderBicycleMountain
1767347507,2026-01-02 09:51:47,BUY,0.1,3.31,0.331,"Bitcoin Up or Down - January 2, 4:45AM-5:00AM ET","Down",18938028871928360822106966175923951973673383342267850151216298046238947591873,0xfdc94b9e188e7456dc780d2a0b665805a88a7b14c0590ae3028ca585e3d9602e,0x94cb60c296befec663ab3e9da03160a7c74578bdda7bb6b1f802c7103b04aa35,PurpleThunderBicycleMountain
1767347507,2026-01-02 09:51:47,BUY,0.1,6,0.6,"Bitcoin Up or Down - January 2, 4:45AM-5:00AM ET","Down",18938028871928360822106966175923951973673383342267850151216298046238947591873,0xfdc94b9e188e7456dc780d2a0b665805a88a7b14c0590ae3028ca585e3d9602e,0x8521496be094d9a900d5b03507e6d2f72df2529135253b8ac133ad3d9cd454bb,PurpleThunderBicycleMountain
1767347507,2026-01-02 09:51:47,BUY,0.04,2.083325,0.083333,"Solana Up or Down - January 2, 4:45AM-5:00AM ET","Down",11590064891491972532477422264929275909574300450848867396272098266679862026987,0xe2320b6ee69e5aacac53f56d3e99aaf65824540ec89d5c78b2f8ea88eda98a23,0x903665f5ccaba894947ff0653b55b95c0bb4cd2243a4f75619f1004eb74f29f1,PurpleThunderBicycleMountain
1767347507,2026-01-02 09:51:47,BUY,0.1,10,1,"Bitcoin Up or Down - January 2, 4:45AM-5:00AM ET","Down",18938028871928360822106966175923951973673383342267850151216298046238947591873,0xfdc94b9e188e7456dc780d2a0b665805a88a7b14c0590ae3028ca585e3d9602e,0x1c553d1c1f3c9f2e0fa1aff8633ae891c8badcb1bdf692f416d62a174bec96d4,PurpleThunderBicycleMountain
1767347507,2026-01-02 09:51:47,BUY,0.36,51,18.36,"Ethereum Up or Down - January 2, 4:45AM-5:00AM ET","Down",9913160326128606063870050347061421264371157275987984823993701904304821868327,0xd31bfaaced7e2dfd38917140b21484fab90523cf111ca5ba78db96bd63b7260d,0x966ac2eaeef0ca04391157209ae20545fc5ef79382b6c4b9c251903d1ca07ee3,PurpleThunderBicycleMountain
1767347507,2026-01-02 09:51:47,BUY,0.35,48.14,16.849,"Ethereum Up or Down - January 2, 4:45AM-5:00AM ET","Down",9913160326128606063870050347061421264371157275987984823993701904304821868327,0xd31bfaaced7e2dfd38917140b21484fab90523cf111ca5ba78db96bd63b7260d,0xf338a9372813087d484363cdfe7bad7efef2527e135fd83d2a1c70bcff92b0e7,PurpleThunderBicycleMountain
1767347505,2026-01-02 09:51:45,BUY,0.35,16,5.6,"Ethereum Up or Down - January 2, 4:45AM-5:00AM ET","Down",9913160326128606063870050347061421264371157275987984823993701904304821868327,0xd31bfaaced7e2dfd38917140b21484fab90523cf111ca5ba78db96bd63b7260d,0x4afcf49da4e3b693f799e9a37087046381583c4d98cd1a0d0eef1d926cfa4746,PurpleThunderBicycleMountain
1767347505,2026-01-02 09:51:45,BUY,0.1,10,1,"Bitcoin Up or Down - January 2, 4:45AM-5:00AM ET","Down",18938028871928360822106966175923951973673383342267850151216298046238947591873,0xfdc94b9e188e7456dc780d2a0b665805a88a7b14c0590ae3028ca585e3d9602e,0x8b5edf4728ff08dccb9964d03772ab461ae6c0a5090456efeeccf749f132090d,PurpleThunderBicycleMountain
1767347505,2026-01-02 09:51:45,BUY,0.04,10,0.4,"Solana Up or Down - January 2, 4:45AM-5:00AM ET","Down",11590064891491972532477422264929275909574300450848867396272098266679862026987,0xe2320b6ee69e5aacac53f56d3e99aaf65824540ec89d5c78b2f8ea88eda98a23,0xf12362099aa2f7bb5dc08b0b178b32ace50cfc9f558308fb55c2e5f1a407c971,PurpleThunderBicycleMountain
1767347505,2026-01-02 09:51:45,BUY,0.09,33,2.97,"Bitcoin Up or Down - January 2, 4:45AM-5:00AM ET","Down",18938028871928360822106966175923951973673383342267850151216298046238947591873,0xfdc94b9e188e7456dc780d2a0b665805a88a7b14c0590ae3028ca585e3d9602e,0x1c6d30bc63925e403315637928bb01040b60d83bbd24abbf8940735a7a04edc9,PurpleThunderBicycleMountain
1767347503,2026-01-02 09:51:43,BUY,0.12,8,0.96,"XRP Up or Down - January 2, 4:45AM-5:00AM ET","Down",109876616718818391275529389500968033562562870156475463563766291569255331497423,0xb15b21f91054a4439f8508d12c76c9210d97910b650edaa102dfe16635103123,0x54c524c9c5db0894a16a16d1dabdfef7046e31d3da63f2b2c7ced3275d39d906,PurpleThunderBicycleMountain
1767347503,2026-01-02 09:51:43,BUY,0.05,200,10,"Solana Up or Down - January 2, 4:45AM-5:00AM ET","Down",11590064891491972532477422264929275909574300450848867396272098266679862026987,0xe2320b6ee69e5aacac53f56d3e99aaf65824540ec89d5c78b2f8ea88eda98a23,0xe24a335c2c6c9abfd2e421c84d5601e85f6711bc1487d440d34c1deb593fc298,PurpleThunderBicycleMountain
1767347503,2026-01-02 09:51:43,BUY,0.12,5,0.6,"XRP Up or Down - January 2, 4:45AM-5:00AM ET","Down",109876616718818391275529389500968033562562870156475463563766291569255331497423,0xb15b21f91054a4439f8508d12c76c9210d97910b650edaa102dfe16635103123,0x089000b8579a86f34dd862db0bd572e16c144d637c4bbe56e7cfa55bde4383f4,PurpleThunderBicycleMountain
1767347503,2026-01-02 09:51:43,BUY,0.12,10,1.2,"XRP Up or Down - January 2, 4:45AM-5:00AM ET","Down",109876616718818391275529389500968033562562870156475463563766291569255331497423,0xb15b21f91054a4439f8508d12c76c9210d97910b650edaa102dfe16635103123,0x95ea26d176520db4c6e53a5110d02e408941fb9b57422b3ef326de08dda91168,PurpleThunderBicycleMountain
1767347501,2026-01-02 09:51:41,BUY,0.3,29,8.7,"Ethereum Up or Down - January 2, 4:45AM-5:00AM ET","Down",9913160326128606063870050347061421264371157275987984823993701904304821868327,0xd31bfaaced7e2dfd38917140b21484fab90523cf111ca5ba78db96bd63b7260d,0x86bc8ca0dbd98d0084f8d6ed008e3cce5f0c5b98d591cad5fa162174e261de2c,PurpleThunderBicycleMountain
1767347499,2026-01-02 09:51:39,BUY,0.08,10,0.8,"Bitcoin Up or Down - January 2, 4:45AM-5:00AM ET","Down",18938028871928360822106966175923951973673383342267850151216298046238947591873,0xfdc94b9e188e7456dc780d2a0b665805a88a7b14c0590ae3028ca585e3d9602e,0xa75669fd8789faf27913a5afadd2e82294e1ae11d24c6a84949b752652a9727e,PurpleThunderBicycleMountain
1767347495,2026-01-02 09:51:35,BUY,0.03,2.25,0.0675,"Solana Up or Down - January 2, 4:45AM-5:00AM ET","Down",11590064891491972532477422264929275909574300450848867396272098266679862026987,0xe2320b6ee69e5aacac53f56d3e99aaf65824540ec89d5c78b2f8ea88eda98a23,0x0d10d773a40f6f41632477e2c2840be79f9776c8cfc4a5dd2101be00d219b7b7,PurpleThunderBicycleMountain
1767347495,2026-01-02 09:51:35,BUY,0.097,200,19.4,"Bitcoin Up or Down - January 2, 4:45AM-5:00AM ET","Down",18938028871928360822106966175923951973673383342267850151216298046238947591873,0xfdc94b9e188e7456dc780d2a0b665805a88a7b14c0590ae3028ca585e3d9602e,0xa24b1f72a22bd76aaac90e7b21aae98341f42f2b26008b7e3ff7fccc90e66b28,PurpleThunderBicycleMountain
1767347495,2026-01-02 09:51:35,BUY,0.08,134,10.72,"Bitcoin Up or Down - January 2, 4:45AM-5:00AM ET","Down",18938028871928360822106966175923951973673383342267850151216298046238947591873,0xfdc94b9e188e7456dc780d2a0b665805a88a7b14c0590ae3028ca585e3d9602e,0x6d1c44c90b208af7fb6b7f9a88650a5793aee70cb23a93ca942eac3944179db0,PurpleThunderBicycleMountain
1767347495,2026-01-02 09:51:35,BUY,0.03,62.75,1.8825,"Solana Up or Down - January 2, 4:45AM-5:00AM ET","Down",11590064891491972532477422264929275909574300450848867396272098266679862026987,0xe2320b6ee69e5aacac53f56d3e99aaf65824540ec89d5c78b2f8ea88eda98a23,0x745c5ae8bf40e01a87c0034eb02cf5a6422f135735ba2f837d7784fe275327d4,PurpleThunderBicycleMountain
1767347493,2026-01-02 09:51:33,BUY,0.1,300,30,"Bitcoin Up or Down - January 2, 4:45AM-5:00AM ET","Down",18938028871928360822106966175923951973673383342267850151216298046238947591873,0xfdc94b9e188e7456dc780d2a0b665805a88a7b14c0590ae3028ca585e3d9602e,0x9a68089f1701396187d76996fef1e2f5921b99b174559fe12eca2e25a643e336,PurpleThunderBicycleMountain
1767347493,2026-01-02 09:51:33,BUY,0.33341061854003295,156.023822,52.019999,"Ethereum Up or Down - January 2, 4:45AM-5:00AM ET","Down",9913160326128606063870050347061421264371157275987984823993701904304821868327,0xd31bfaaced7e2dfd38917140b21484fab90523cf111ca5ba78db96bd63b7260d,0x968c8dd5b984969ba4a1d8f516beea9371537e637bfb00c9a7e506b7ade320cf,PurpleThunderBicycleMountain
1767347491,2026-01-02 09:51:31,BUY,0.04975,200,9.95,"Solana Up or Down - January 2, 4:45AM-5:00AM ET","Down",11590064891491972532477422264929275909574300450848867396272098266679862026987,0xe2320b6ee69e5aacac53f56d3e99aaf65824540ec89d5c78b2f8ea88eda98a23,0x7bc975981625246035075ea3d115a735f355b0834106e4dbe25d56d2fd9126f5,PurpleThunderBicycleMountain
1767347491,2026-01-02 09:51:31,BUY,0.06,133.0319,7.981914,"Bitcoin Up or Down - January 2, 4AM ET","Down",71951386699908534538648930406357776756628976283553305016487744617732643078668,0xd5abf522341093dc479495989c1f15c74d484e00bb7ecb2f5fc716ebd4a2aa2e,0xb8999b39ff6dda1a73a3b1ca814a038cbb97412c0a7bdae68c47fbb44869dab3,PurpleThunderBicycleMountain
1767347491,2026-01-02 09:51:31,BUY,0.06000000037600005,53.191483,3.191489,"Bitcoin Up or Down - January 2, 4AM ET","Down",71951386699908534538648930406357776756628976283553305016487744617732643078668,0xd5abf522341093dc479495989c1f15c74d484e00bb7ecb2f5fc716ebd4a2aa2e,0x37e4d51a90a36746081fc666f535380864416c13a861eefe3f60e9fa5bf8cb84,PurpleThunderBicycleMountain
1767347489,2026-01-02 09:51:29,BUY,0.08,9.58,0.7664,"Bitcoin Up or Down - January 2, 4:45AM-5:00AM ET","Down",18938028871928360822106966175923951973673383342267850151216298046238947591873,0xfdc94b9e188e7456dc780d2a0b665805a88a7b14c0590ae3028ca585e3d9602e,0x00eced6faec5528628c3ba2860af1cc2243d9154fda427fa53827c3be5858ae3,PurpleThunderBicycleMountain
1767347489,2026-01-02 09:51:29,BUY,0.33,50.36,16.6188,"Ethereum Up or Down - January 2, 4:45AM-5:00AM ET","Down",9913160326128606063870050347061421264371157275987984823993701904304821868327,0xd31bfaaced7e2dfd38917140b21484fab90523cf111ca5ba78db96bd63b7260d,0x19ff6cf9c0d1ca2c5116eeef0ef2d9b6704420406afb489cbf4f62880be69cdd,PurpleThunderBicycleMountain
1767347489,2026-01-02 09:51:29,BUY,0.08,4.91,0.3928,"Bitcoin Up or Down - January 2, 4:45AM-5:00AM ET","Down",18938028871928360822106966175923951973673383342267850151216298046238947591873,0xfdc94b9e188e7456dc780d2a0b665805a88a7b14c0590ae3028ca585e3d9602e,0x8b285c1ac74efc5788b657bec36f349ea69b049a4bbb78a25c7c6089cb13c028,PurpleThunderBicycleMountain
1767347489,2026-01-02 09:51:29,BUY,0.07,200,14,"Bitcoin Up or Down - January 2, 4:45AM-5:00AM ET","Down",18938028871928360822106966175923951973673383342267850151216298046238947591873,0xfdc94b9e188e7456dc780d2a0b665805a88a7b14c0590ae3028ca585e3d9602e,0x8b285c1ac74efc5788b657bec36f349ea69b049a4bbb78a25c7c6089cb13c028,PurpleThunderBicycleMountain
1767347487,2026-01-02 09:51:27,BUY,0.08,9.57,0.7656,"Bitcoin Up or Down - January 2, 4:45AM-5:00AM ET","Down",18938028871928360822106966175923951973673383342267850151216298046238947591873,0xfdc94b9e188e7456dc780d2a0b665805a88a7b14c0590ae3028ca585e3d9602e,0xa1ff511261fee081ec1d494b67ef38355aff54caef1b39512ea69aea1691bcb7,PurpleThunderBicycleMountain
1767347487,2026-01-02 09:51:27,BUY,0.09,200,18,"Bitcoin Up or Down - January 2, 4:45AM-5:00AM ET","Down",18938028871928360822106966175923951973673383342267850151216298046238947591873,0xfdc94b9e188e7456dc780d2a0b665805a88a7b14c0590ae3028ca585e3d9602e,0xa9f230f36aabc0fad9df79a984966072d789d21a35c87e5a67aed96088cc3019,PurpleThunderBicycleMountain
1767347487,2026-01-02 09:51:27,BUY,0.08,9.58,0.7664,"Bitcoin Up or Down - January 2, 4:45AM-5:00AM ET","Down",18938028871928360822106966175923951973673383342267850151216298046238947591873,0xfdc94b9e188e7456dc780d2a0b665805a88a7b14c0590ae3028ca585e3d9602e,0xaa994e3d6ae634d5e6ada40fcf2fafa5691616c0de943c044505ff2cdc8f2fec,PurpleThunderBicycleMountain
1767347487,2026-01-02 09:51:27,BUY,0.08,9.58,0.7664,"Bitcoin Up or Down - January 2, 4:45AM-5:00AM ET","Down",18938028871928360822106966175923951973673383342267850151216298046238947591873,0xfdc94b9e188e7456dc780d2a0b665805a88a7b14c0590ae3028ca585e3d9602e,0x24c93ce1c1678c42c572bd3ad40310d320ac516c24ad452a685945abd7d4a6a7,PurpleThunderBicycleMountain
1767347487,2026-01-02 09:51:27,BUY,0.08,1.12,0.0896,"Bitcoin Up or Down - January 2, 4:45AM-5:00AM ET","Down",18938028871928360822106966175923951973673383342267850151216298046238947591873,0xfdc94b9e188e7456dc780d2a0b665805a88a7b14c0590ae3028ca585e3d9602e,0x4b9fb197171771adc16295d1ee00da7f109533b470a3fa1b0ef7e35357fa0383,PurpleThunderBicycleMountain
1767347487,2026-01-02 09:51:27,BUY,0.08,6.38,0.5104,"Bitcoin Up or Down - January 2, 4:45AM-5:00AM ET","Down",18938028871928360822106966175923951973673383342267850151216298046238947591873,0xfdc94b9e188e7456dc780d2a0b665805a88a7b14c0590ae3028ca585e3d9602e,0x8838da408674b6dd90e49f8b0752548f178f207ac70811494707db71d31ce63f,PurpleThunderBicycleMountain
1767347487,2026-01-02 09:51:27,BUY,0.08,9.58,0.7664,"Bitcoin Up or Down - January 2, 4:45AM-5:00AM ET","Down",18938028871928360822106966175923951973673383342267850151216298046238947591873,0xfdc94b9e188e7456dc780d2a0b665805a88a7b14c0590ae3028ca585e3d9602e,0x955bab711527d90f5edf924fd48c0f32470e04c6da3f3507d256fdb0aa2e1c10,PurpleThunderBicycleMountain
1767347487,2026-01-02 09:51:27,BUY,0.09,200,18,"Bitcoin Up or Down - January 2, 4:45AM-5:00AM ET","Down",18938028871928360822106966175923951973673383342267850151216298046238947591873,0xfdc94b9e188e7456dc780d2a0b665805a88a7b14c0590ae3028ca585e3d9602e,0x62540a71597c3afd0d71a53c113a0485816bcd9e25371aada0d44889de8834e4,PurpleThunderBicycleMountain
1767347487,2026-01-02 09:51:27,BUY,0.04,200,8,"Solana Up or Down - January 2, 4:45AM-5:00AM ET","Down",11590064891491972532477422264929275909574300450848867396272098266679862026987,0xe2320b6ee69e5aacac53f56d3e99aaf65824540ec89d5c78b2f8ea88eda98a23,0x5bcb85f349d4b683148b470b2e1d9b9c46ad488026546bfd0e0066c0fe7cdc6c,PurpleThunderBicycleMountain
1767347487,2026-01-02 09:51:27,BUY,0.030000000241714436,82.742266,2.482268,"Solana Up or Down - January 2, 4:45AM-5:00AM ET","Down",11590064891491972532477422264929275909574300450848867396272098266679862026987,0xe2320b6ee69e5aacac53f56d3e99aaf65824540ec89d5c78b2f8ea88eda98a23,0x5bcb85f349d4b683148b470b2e1d9b9c46ad488026546bfd0e0066c0fe7cdc6c,PurpleThunderBicycleMountain
1767347487,2026-01-02 09:51:27,BUY,0.08,9.58,0.7664,"Bitcoin Up or Down - January 2, 4:45AM-5:00AM ET","Down",18938028871928360822106966175923951973673383342267850151216298046238947591873,0xfdc94b9e188e7456dc780d2a0b665805a88a7b14c0590ae3028ca585e3d9602e,0x6654b92b68b8f70a36c72ccc370602f581c24fcbcba6d47bbc39b6ceee1f5299,PurpleThunderBicycleMountain
1767347487,2026-01-02 09:51:27,BUY,0.09,300,27,"Bitcoin Up or Down - January 2, 4:45AM-5:00AM ET","Down",18938028871928360822106966175923951973673383342267850151216298046238947591873,0xfdc94b9e188e7456dc780d2a0b665805a88a7b14c0590ae3028ca585e3d9602e,0x95c38b639184399e5d24ff9bb1cfa7fc11720dd971e5b4aa39f4e98742616958,PurpleThunderBicycleMountain
1767347485,2026-01-02 09:51:25,BUY,0.08,120,9.6,"Bitcoin Up or Down - January 2, 4:45AM-5:00AM ET","Down",18938028871928360822106966175923951973673383342267850151216298046238947591873,0xfdc94b9e188e7456dc780d2a0b665805a88a7b14c0590ae3028ca585e3d9602e,0x6e9c2a9de2e7d184b21275f5bfffb7acfbbbed0db4c5fcbaeacd3e5f5118a43c,PurpleThunderBicycleMountain
1767347485,2026-01-02 09:51:25,BUY,0.31,51,15.81,"Ethereum Up or Down - January 2, 4:45AM-5:00AM ET","Down",9913160326128606063870050347061421264371157275987984823993701904304821868327,0xd31bfaaced7e2dfd38917140b21484fab90523cf111ca5ba78db96bd63b7260d,0xadf46ce05adda0f532c667edbcc446f942e6db5ebfe9daf52b1348d8dfac5f0b,PurpleThunderBicycleMountain
1767347485,2026-01-02 09:51:25,BUY,0.8200000112500002,71.11111,58.311111,"XRP Up or Down - January 2, 4:45AM-5:00AM ET","Up",1754125088413091946313695909989425327365592079901639869756800860941620382092,0xb15b21f91054a4439f8508d12c76c9210d97910b650edaa102dfe16635103123,0xfde9f480056741fadc0a70a4443b0af2a025625e5c81b365d415a8629d26c07f,PurpleThunderBicycleMountain
1767347485,2026-01-02 09:51:25,BUY,0.32,97.12,31.0784,"Ethereum Up or Down - January 2, 4:45AM-5:00AM ET","Down",9913160326128606063870050347061421264371157275987984823993701904304821868327,0xd31bfaaced7e2dfd38917140b21484fab90523cf111ca5ba78db96bd63b7260d,0x2f18caf2debdfdc262b4650555dd3afeb9bdca09662d40421ad0ef6fefe2f253,PurpleThunderBicycleMountain
1767347485,2026-01-02 09:51:25,BUY,0.82,28.88,23.6816,"XRP Up or Down - January 2, 4:45AM-5:00AM ET","Up",1754125088413091946313695909989425327365592079901639869756800860941620382092,0xb15b21f91054a4439f8508d12c76c9210d97910b650edaa102dfe16635103123,0xc359d9a681b971cccb17f78b8c992bd961c27e07037c891879c2adeb965f1923,PurpleThunderBicycleMountain
1767347485,2026-01-02 09:51:25,BUY,0.09,1.0989,0.098901,"Bitcoin Up or Down - January 2, 4:45AM-5:00AM ET","Down",18938028871928360822106966175923951973673383342267850151216298046238947591873,0xfdc94b9e188e7456dc780d2a0b665805a88a7b14c0590ae3028ca585e3d9602e,0xce66883186f661213a389bded596a387f25ddb3dc54fd116a24277eef082bd0d,PurpleThunderBicycleMountain
1767347483,2026-01-02 09:51:23,BUY,0.3,20,6,"Ethereum Up or Down - January 2, 4:45AM-5:00AM ET","Down",9913160326128606063870050347061421264371157275987984823993701904304821868327,0xd31bfaaced7e2dfd38917140b21484fab90523cf111ca5ba78db96bd63b7260d,0x2f3afc73fabe6fa048533f8f5bbcdb2c2234e1a4381ae4a1a75d9e34c3062f87,PurpleThunderBicycleMountain
1767347483,2026-01-02 09:51:23,BUY,0.08,10.12,0.8096,"Bitcoin Up or Down - January 2, 4:45AM-5:00AM ET","Down",18938028871928360822106966175923951973673383342267850151216298046238947591873,0xfdc94b9e188e7456dc780d2a0b665805a88a7b14c0590ae3028ca585e3d9602e,0x95c0669ced4f1fad540096ef0aabf2ffbd4e94095909b245c8e311fcc58094cf,PurpleThunderBicycleMountain
1767347483,2026-01-02 09:51:23,BUY,0.09,20,1.8,"Bitcoin Up or Down - January 2, 4:45AM-5:00AM ET","Down",18938028871928360822106966175923951973673383342267850151216298046238947591873,0xfdc94b9e188e7456dc780d2a0b665805a88a7b14c0590ae3028ca585e3d9602e,0x7acfac0da2bf902af44de9cd242915766d048e34d677944fe401405a9847bab5,PurpleThunderBicycleMountain
1767347481,2026-01-02 09:51:21,BUY,0.82,20,16.4,"XRP Up or Down - January 2, 4:45AM-5:00AM ET","Up",1754125088413091946313695909989425327365592079901639869756800860941620382092,0xb15b21f91054a4439f8508d12c76c9210d97910b650edaa102dfe16635103123,0x462ea36cd517467202f812b0e47821fbdd8f4c78a21bc68290b4941c9c617b01,PurpleThunderBicycleMountain
1767347481,2026-01-02 09:51:21,BUY,0.35,5,1.75,"Ethereum Up or Down - January 2, 4:45AM-5:00AM ET","Down",9913160326128606063870050347061421264371157275987984823993701904304821868327,0xd31bfaaced7e2dfd38917140b21484fab90523cf111ca5ba78db96bd63b7260d,0xbd78538de674e9173515fd76cc57560c5cef1ab48c673c5fd603db3e77105ebe,PurpleThunderBicycleMountain
1767347477,2026-01-02 09:51:17,BUY,0.29,50,14.5,"Ethereum Up or Down - January 2, 4:45AM-5:00AM ET","Down",9913160326128606063870050347061421264371157275987984823993701904304821868327,0xd31bfaaced7e2dfd38917140b21484fab90523cf111ca5ba78db96bd63b7260d,0xc3293421204f0f3dc7c3b6b7ebb19ea977b108a608d9683dd65b21dc86937874,PurpleThunderBicycleMountain
1767347477,2026-01-02 09:51:17,BUY,0.3,150,45,"Ethereum Up or Down - January 2, 4:45AM-5:00AM ET","Down",9913160326128606063870050347061421264371157275987984823993701904304821868327,0xd31bfaaced7e2dfd38917140b21484fab90523cf111ca5ba78db96bd63b7260d,0xa30188b8e85b61dbe601874b8cf81a86eb4fb4a46ac96aacda698dda7f137ece,PurpleThunderBicycleMountain
1767347475,2026-01-02 09:51:15,BUY,0.31,20,6.2,"Ethereum Up or Down - January 2, 4:45AM-5:00AM ET","Down",9913160326128606063870050347061421264371157275987984823993701904304821868327,0xd31bfaaced7e2dfd38917140b21484fab90523cf111ca5ba78db96bd63b7260d,0x6078e58a1ac3497739a1fc091add33a1011d5f48eed841f23f7046afb0072a74,PurpleThunderBicycleMountain
1767347475,2026-01-02 09:51:15,BUY,0.32,5,1.6,"Ethereum Up or Down - January 2, 4:45AM-5:00AM ET","Down",9913160326128606063870050347061421264371157275987984823993701904304821868327,0xd31bfaaced7e2dfd38917140b21484fab90523cf111ca5ba78db96bd63b7260d,0x288ba535b1925f29264281b6f7a61963a030725ae005c6deb01a972fdebd5bbf,PurpleThunderBicycleMountain
1767347475,2026-01-02 09:51:15,BUY,0.31,5.6,1.736,"Ethereum Up or Down - January 2, 4:45AM-5:00AM ET","Down",9913160326128606063870050347061421264371157275987984823993701904304821868327,0xd31bfaaced7e2dfd38917140b21484fab90523cf111ca5ba78db96bd63b7260d,0xd9125e9ec944aa4637f841ac2d955c16d9a63e454fe24e9d30085d38b82d2780,PurpleThunderBicycleMountain
1767347473,2026-01-02 09:51:13,BUY,0.1,200,20,"Bitcoin Up or Down - January 2, 4:45AM-5:00AM ET","Down",18938028871928360822106966175923951973673383342267850151216298046238947591873,0xfdc94b9e188e7456dc780d2a0b665805a88a7b14c0590ae3028ca585e3d9602e,0xecec598401d0f5126cdff9f1aecfa266bf7e5ab3a7c4c3442b62d0059c48a3db,PurpleThunderBicycleMountain
1767347473,2026-01-02 09:51:13,BUY,0.31,5.6,1.736,"Ethereum Up or Down - January 2, 4:45AM-5:00AM ET","Down",9913160326128606063870050347061421264371157275987984823993701904304821868327,0xd31bfaaced7e2dfd38917140b21484fab90523cf111ca5ba78db96bd63b7260d,0xd14fa45498ff9a2af5a52143a3a85b60fbfa729db83193ff658f1aa232163803,PurpleThunderBicycleMountain
1767347473,2026-01-02 09:51:13,BUY,0.04,102.75,4.11,"Solana Up or Down - January 2, 4:45AM-5:00AM ET","Down",11590064891491972532477422264929275909574300450848867396272098266679862026987,0xe2320b6ee69e5aacac53f56d3e99aaf65824540ec89d5c78b2f8ea88eda98a23,0xb13fc06ae23ecc00946b9c90df85b0e862205eae781cc51fb971d125921b8c24,PurpleThunderBicycleMountain
1767347473,2026-01-02 09:51:13,BUY,0.09,29,2.61,"Bitcoin Up or Down - January 2, 4:45AM-5:00AM ET","Down",18938028871928360822106966175923951973673383342267850151216298046238947591873,0xfdc94b9e188e7456dc780d2a0b665805a88a7b14c0590ae3028ca585e3d9602e,0xb7dc26f6a24fb87b3aadedffeea36435de2655f79827a63ab83b73724e43ce60,PurpleThunderBicycleMountain
1767347469,2026-01-02 09:51:09,BUY,0.81,40.53,32.8293,"XRP Up or Down - January 2, 4:45AM-5:00AM ET","Up",1754125088413091946313695909989425327365592079901639869756800860941620382092,0xb15b21f91054a4439f8508d12c76c9210d97910b650edaa102dfe16635103123,0x820b2e580e429b620da830d9bf630eedd99311d880c9176b0d5496067cd1eb41,PurpleThunderBicycleMountain
1767347465,2026-01-02 09:51:05,BUY,0.05,50,2.5,"Solana Up or Down - January 2, 4:45AM-5:00AM ET","Down",11590064891491972532477422264929275909574300450848867396272098266679862026987,0xe2320b6ee69e5aacac53f56d3e99aaf65824540ec89d5c78b2f8ea88eda98a23,0x141e322c125cc8b25f56fa718cee78c50222ad36c6f242108fe462fb03917829,PurpleThunderBicycleMountain
1767347465,2026-01-02 09:51:05,BUY,0.1,7,0.7,"Bitcoin Up or Down - January 2, 4:45AM-5:00AM ET","Down",18938028871928360822106966175923951973673383342267850151216298046238947591873,0xfdc94b9e188e7456dc780d2a0b665805a88a7b14c0590ae3028ca585e3d9602e,0x12966b68db06f0167241f8012ef9e473637881feaf0e856b07da9a0e5e4b536e,PurpleThunderBicycleMountain
1767347465,2026-01-02 09:51:05,BUY,0.04,18.82,0.7528,"Ethereum Up or Down - January 2, 4AM ET","Down",61209364967560625082103990331601144499394784733094169942037200072812632625237,0x55ad64cba705cadb918f1c0bbeb6e17cf9c942ef9152fcf04f79c85ee48443f7,0x422a96b7e48c840f7c2cc04be1999db1c99832c63fed9be01f61f657f7609c11,PurpleThunderBicycleMountain
1767347465,2026-01-02 09:51:05,BUY,0.1,5.83333,0.583333,"Bitcoin Up or Down - January 2, 4:45AM-5:00AM ET","Down",18938028871928360822106966175923951973673383342267850151216298046238947591873,0xfdc94b9e188e7456dc780d2a0b665805a88a7b14c0590ae3028ca585e3d9602e,0x93efb3dc74c8cf48ca014ba1d0f2b27421f4dd7fe31a63cf74ab5b88beb5b682,PurpleThunderBicycleMountain
1767347463,2026-01-02 09:51:03,BUY,0.06,200,12,"Solana Up or Down - January 2, 4:45AM-5:00AM ET","Down",11590064891491972532477422264929275909574300450848867396272098266679862026987,0xe2320b6ee69e5aacac53f56d3e99aaf65824540ec89d5c78b2f8ea88eda98a23,0x493b3311d437b2296e2c61c4cd1393fed6b0a046911e71db5f63b45e41cfe1ea,PurpleThunderBicycleMountain
1767347463,2026-01-02 09:51:03,BUY,0.05,63.5263,3.176315,"Solana Up or Down - January 2, 4:45AM-5:00AM ET","Down",11590064891491972532477422264929275909574300450848867396272098266679862026987,0xe2320b6ee69e5aacac53f56d3e99aaf65824540ec89d5c78b2f8ea88eda98a23,0x493b3311d437b2296e2c61c4cd1393fed6b0a046911e71db5f63b45e41cfe1ea,PurpleThunderBicycleMountain
1767347463,2026-01-02 09:51:03,BUY,0.05,3.03156,0.151578,"Solana Up or Down - January 2, 4:45AM-5:00AM ET","Down",11590064891491972532477422264929275909574300450848867396272098266679862026987,0xe2320b6ee69e5aacac53f56d3e99aaf65824540ec89d5c78b2f8ea88eda98a23,0x18700be1bace93f4c70318423f13562a97130cdfa01db70072329409e9e01f23,PurpleThunderBicycleMountain